data_source,sample_size,round1_accuracy,round1_std,round2_accuracy,round2_std,difference
jama,581,0.27882960413080893,0.018603742520927505,0.5387263339070568,0.020681182507719158,-0.2598967297762479
medbullets,206,0.32038834951456313,0.03251136134573419,0.5,0.034836650714580884,-0.17961165048543687
medxpert,318,0.1761006289308176,0.02136013431141877,0.5,0.028038607704602213,-0.32389937106918243
mmlu,193,0.19689119170984457,0.02862343059362,0.5233160621761658,0.035951634266729655,-0.3264248704663212
